item_id,timestamp,season,weekday,weather,temp_actual,temp_feels_like,humidity,windspeed,casual,registered
BIKE,2018-01-01,1,2,2,14.11,18.18,80.58,10.75,331,654
BIKE,2018-01-02,1,3,2,14.9,17.69,69.61,16.65,131,670
BIKE,2018-01-03,1,4,1,8.05,9.47,43.73,16.64,120,1229
BIKE,2018-01-04,1,5,1,8.2,10.61,59.04,10.74,108,1454
BIKE,2018-01-05,1,6,1,9.31,11.46,43.7,12.52,82,1518
BIKE,2018-01-06,1,7,1,8.38,11.66,51.83,6,88,1518
BIKE,2018-01-07,1,1,2,8.06,10.44,49.87,11.3,148,1362
BIKE,2018-01-08,1,2,2,6.77,8.11,53.58,17.88,68,891
BIKE,2018-01-09,1,3,1,5.67,5.81,43.42,24.25,54,768
BIKE,2018-01-10,1,4,1,6.18,7.54,48.29,14.96,41,1280
BIKE,2018-01-11,1,5,2,6.93,9.57,68.64,8.18,43,1220
BIKE,2018-01-12,1,6,1,7.08,8.02,59.95,20.41,25,1137
BIKE,2018-01-13,1,7,1,6.77,7.54,47.04,20.17,38,1368
BIKE,2018-01-14,1,1,1,6.6,9.42,53.78,8.48,54,1367
BIKE,2018-01-15,1,2,2,9.57,12.41,49.88,10.58,222,1026
BIKE,2018-01-16,1,3,1,9.5,11.71,48.38,12.63,251,953
BIKE,2018-01-17,1,4,2,7.21,8.84,53.75,13,117,883
BIKE,2018-01-18,1,5,2,8.88,11.62,86.17,9.83,9,674
BIKE,2018-01-19,1,6,2,11.98,14.92,74.17,13.96,78,1572
BIKE,2018-01-20,1,7,2,10.73,12.75,53.83,13.13,83,1844
BIKE,2018-01-21,1,1,1,7.28,7.89,45.71,23.67,75,1468
BIKE,2018-01-22,1,2,1,2.42,3.95,40,11.52,93,888
BIKE,2018-01-23,1,3,1,3.96,4.94,43.65,16.52,150,836
BIKE,2018-01-24,1,4,1,3.99,5.9,49.17,10.61,86,1330
BIKE,2018-01-25,1,5,2,9.16,11.73,61.7,8.7,186,1799
BIKE,2018-01-26,1,6,3,8.92,10.18,86.25,19.69,34,472
BIKE,2018-01-27,1,7,1,8,10.99,68.75,7.63,15,416
BIKE,2018-01-28,1,1,2,8.34,11.17,79.3,8.26,38,1129
BIKE,2018-01-29,1,2,1,8.06,10.61,65.17,9.74,123,975
BIKE,2018-01-30,1,3,1,8.88,12.52,72.22,4.96,140,956
BIKE,2018-01-31,1,4,2,7.41,9.31,60.38,12.54,42,1459
BIKE,2018-02-01,1,5,2,7.88,11.73,82.96,3.57,47,1313
BIKE,2018-02-02,1,6,2,10.66,12.72,77.54,17.71,72,1454
BIKE,2018-02-03,1,7,1,7.67,8.89,43.78,18.61,61,1489
BIKE,2018-02-04,1,1,2,8.66,11.43,58.52,8.57,88,1620
BIKE,2018-02-05,1,2,2,9.57,12.15,92.92,10.79,100,905
BIKE,2018-02-06,1,3,1,11.72,14.58,56.83,9.5,354,1269
BIKE,2018-02-07,1,4,1,11.14,15.18,73.83,3.04,120,1592
BIKE,2018-02-08,1,5,1,9.05,9.91,53.79,24.25,64,1466
BIKE,2018-02-09,1,6,2,5.53,7.21,49.48,12.65,53,1552
BIKE,2018-02-10,1,7,1,5.92,7.48,43.74,14.87,47,1491
BIKE,2018-02-11,1,1,1,7.75,10.68,50.64,7.27,149,1597
BIKE,2018-02-12,1,2,1,9.12,11.65,54.42,13.63,288,1184
BIKE,2018-02-13,1,3,1,12.98,16.21,45.74,17.48,397,1192
BIKE,2018-02-14,1,4,1,17.02,19.92,37.58,28,208,1705
BIKE,2018-02-15,1,5,1,10.91,12.71,31.43,19.52,140,1675
BIKE,2018-02-16,1,6,1,13.05,15.81,42.35,16.87,218,1897
BIKE,2018-02-17,1,7,1,17.87,21.43,50.5,15.42,259,2216
BIKE,2018-02-18,1,1,1,21.39,25.6,51.67,17.75,579,2348
BIKE,2018-02-19,1,2,1,16.37,19.57,18.79,34,532,1103
BIKE,2018-02-20,1,3,1,11.69,13.87,40.78,14.96,639,1173
BIKE,2018-02-21,1,4,2,12.44,14.2,60.5,20.63,195,912
BIKE,2018-02-22,1,5,1,7.47,9.3,57.78,13.11,74,1376
BIKE,2018-02-23,1,6,1,9.09,12.29,42.3,6.31,139,1778
BIKE,2018-02-24,1,7,2,12.12,14.46,69.74,16.78,100,1707
BIKE,2018-02-25,1,1,2,14.94,17.52,71.22,23.22,120,1341
BIKE,2018-02-26,1,2,1,11.58,14.11,53.79,12.5,424,1545
BIKE,2018-02-27,1,3,1,14.08,17.56,68,8.39,694,1708
BIKE,2018-02-28,1,4,2,16.7,20.01,87.64,19.41,81,1365
BIKE,2018-03-01,1,5,1,10.93,13.19,53.5,14.5,137,1714
BIKE,2018-03-02,1,6,1,13.74,16,44.96,20.62,231,1903
BIKE,2018-03-03,1,7,1,8.13,10.01,31.83,15.13,123,1562
BIKE,2018-03-04,1,1,2,10.73,12.78,61.04,13.62,214,1730
BIKE,2018-03-05,1,2,2,15.75,18.94,78.92,16.88,640,1437
BIKE,2018-03-06,1,3,2,15.44,18.31,94.83,23,114,491
BIKE,2018-03-07,1,4,1,10.73,11.92,55.13,22.87,244,1628
BIKE,2018-03-08,1,5,1,11.99,15.12,42.08,8.08,316,1817
BIKE,2018-03-09,1,6,2,12.13,14.33,77.54,14.75,191,1700
BIKE,2018-03-10,1,7,3,15.95,19.28,0,17.55,46,577
BIKE,2018-03-11,1,1,2,12.98,15.25,64.96,15.61,247,1730
BIKE,2018-03-12,1,2,1,13.5,16.29,59.46,14.79,724,1408
BIKE,2018-03-13,1,3,1,15.76,19,52.74,18.13,982,1435
BIKE,2018-03-14,1,4,1,13.33,16.6,49.7,9.17,359,1687
BIKE,2018-03-15,1,5,2,13.01,15.91,65.57,12.35,289,1767
BIKE,2018-03-16,1,6,2,14.97,18.35,77.65,13.61,321,1871
BIKE,2018-03-17,1,7,1,17.02,20.52,60.29,14.04,424,2320
BIKE,2018-03-18,1,1,1,22.14,26.35,52.52,15.48,884,2355
BIKE,2018-03-19,1,2,1,19.37,23.33,37.92,24.67,1424,1693
BIKE,2018-03-20,1,3,1,13.63,16.29,47.38,13.92,1047,1424
BIKE,2018-03-21,2,4,2,17.65,20.49,73.74,19.35,401,1676
BIKE,2018-03-22,2,5,1,18.11,22.03,62.46,15.13,460,2243
BIKE,2018-03-23,2,6,2,14.23,16.9,83.96,15.7,203,1918
BIKE,2018-03-24,2,7,2,11.69,13.54,80.58,16.33,166,1699
BIKE,2018-03-25,2,1,1,10.83,12.82,49.5,15.46,300,1910
BIKE,2018-03-26,2,2,1,10.9,12.88,39.42,14.04,981,1515
BIKE,2018-03-27,2,3,2,10.37,12.52,49.39,12.35,472,1221
BIKE,2018-03-28,2,4,1,10.84,12.88,30.22,14.22,222,1806
BIKE,2018-03-29,2,5,1,12.4,14.65,31.42,15.21,317,2108
BIKE,2018-03-30,2,6,2,12.3,14.87,64.67,11.58,168,1368
BIKE,2018-03-31,2,7,3,11,12.88,91.83,14.58,179,1506
BIKE,2018-04-01,2,1,2,12.3,14.17,68.63,17.33,307,1920
BIKE,2018-04-02,2,2,2,12.92,15.78,65.38,13.21,898,1354
BIKE,2018-04-03,2,3,1,15.51,18.94,48,12.21,1651,1598
BIKE,2018-04-04,2,4,1,23.51,27.15,42.63,25.83,734,2381
BIKE,2018-04-05,2,5,2,16.98,19.92,64.21,26,167,1628
BIKE,2018-04-06,2,6,1,16.02,19.38,47.08,17.63,413,2395
BIKE,2018-04-07,2,7,1,17.94,21.68,60.29,10.87,571,2570
BIKE,2018-04-08,2,1,2,13.77,16.22,83.63,15.21,172,1299
BIKE,2018-04-09,2,2,2,14.04,17.08,87.75,8.92,879,1576
BIKE,2018-04-10,2,3,2,17.49,21.34,85.75,9.83,1188,1707
BIKE,2018-04-11,2,4,2,24.42,28.26,71.7,21.74,855,2493
BIKE,2018-04-12,2,5,2,20.6,24.65,73.92,18.42,257,1777
BIKE,2018-04-13,2,6,2,16.91,20.86,81.92,16.79,209,1953
BIKE,2018-04-14,2,7,1,19.17,23.14,54.04,7.42,529,2738
BIKE,2018-04-15,2,1,1,18.31,22.1,67.13,15.17,642,2484
BIKE,2018-04-16,2,2,3,17.66,21.27,88.83,22.83,121,674
BIKE,2018-04-17,2,3,1,18.72,22.28,47.96,20.33,1558,2186
BIKE,2018-04-18,2,4,1,21.01,25.16,54.25,10.96,669,2760
BIKE,2018-04-19,2,5,2,20.74,24.46,66.58,10.58,409,2795
BIKE,2018-04-20,2,6,1,24.4,28.22,61.42,16.21,613,3331
BIKE,2018-04-21,2,7,1,18.83,22.69,40.71,21.79,745,3444
BIKE,2018-04-22,2,1,2,13.8,16.1,72.96,14.71,177,1506
BIKE,2018-04-23,2,2,2,18.86,22.51,88.79,15.46,1462,2574
BIKE,2018-04-24,2,3,2,23.85,27.59,81.08,12.88,1710,2481
BIKE,2018-04-25,2,4,1,24.87,28.73,77.67,12.42,773,3300
BIKE,2018-04-26,2,5,1,25.9,29.7,72.92,21.88,678,3722
BIKE,2018-04-27,2,6,2,25.42,28.76,83.54,20.92,547,3325
BIKE,2018-04-28,2,7,2,25.32,28.95,70.08,21.5,569,3489
BIKE,2018-04-29,2,1,1,20.91,24.87,45.71,16.08,878,3717
BIKE,2018-04-30,2,2,1,19.37,23.2,50.33,15.75,1965,3347
BIKE,2018-05-01,2,3,2,18.52,22.41,76.21,7.13,1138,2213
BIKE,2018-05-02,2,4,2,22.52,26.64,73,12.29,847,3554
BIKE,2018-05-03,2,5,2,25.28,29.1,69.71,22.96,603,3848
BIKE,2018-05-04,2,6,2,16.98,20.23,73.71,22.04,255,2378
BIKE,2018-05-05,2,7,1,18.83,22.1,44.42,19.79,614,3819
BIKE,2018-05-06,2,1,1,19.65,23.71,59,15.29,894,3714
BIKE,2018-05-07,2,2,1,21.32,25.63,54.13,10.75,1612,3102
BIKE,2018-05-08,2,3,1,21.66,25.95,63.17,5,1401,2932
BIKE,2018-05-09,2,4,1,21.83,26.26,58.88,11.79,664,3698
BIKE,2018-05-10,2,5,1,21.83,26.14,48.92,7.75,694,4109
BIKE,2018-05-11,2,6,1,22.24,26.42,63.29,8.08,550,3632
BIKE,2018-05-12,2,7,1,21.94,26.17,74.75,12.71,695,4169
BIKE,2018-05-13,2,1,2,21.01,24.72,86.33,12.04,692,3413
BIKE,2018-05-14,2,2,2,21.35,25.03,92.25,9.04,902,2507
BIKE,2018-05-15,2,3,2,23.06,26.8,86.71,10.25,1582,2971
BIKE,2018-05-16,2,4,1,23.68,27.53,78.79,8.5,773,3185
BIKE,2018-05-17,2,5,2,23.03,26.93,83.79,18.58,678,3445
BIKE,2018-05-18,2,6,2,22.55,26.36,87,13.5,536,3319
BIKE,2018-05-19,2,7,2,21.76,25.54,82.96,7.25,735,3840
BIKE,2018-05-20,2,1,1,22,26.45,71.96,8.38,909,4008
BIKE,2018-05-21,2,2,1,24.7,28.6,62.67,8.08,2258,3547
BIKE,2018-05-22,2,3,1,24.77,28.73,74.96,9.92,1576,3084
BIKE,2018-05-23,2,4,2,25.9,29.51,81,15.67,836,3438
BIKE,2018-05-24,2,5,2,27.06,30.24,74.08,13.88,659,3833
BIKE,2018-05-25,2,6,1,27.09,30.78,69.63,10.33,740,4238
BIKE,2018-05-26,2,7,1,29.04,32.73,67.75,13.38,758,3919
BIKE,2018-05-27,2,1,1,27.95,31.85,65.38,16.13,871,3808
BIKE,2018-05-28,2,2,1,26.89,30.62,72.96,15.42,2001,2757
BIKE,2018-05-29,2,3,1,27.37,30.78,81.88,14.33,2355,2433
BIKE,2018-05-30,2,4,1,30.07,33.55,68.5,8.79,1549,2549
BIKE,2018-05-31,2,5,1,31.78,36.27,63.67,7.46,673,3309
BIKE,2018-06-01,2,6,2,31.33,36.05,67.71,13.88,513,3461
BIKE,2018-06-02,2,7,1,29.32,32.2,30.5,19.58,736,4232
BIKE,2018-06-03,2,1,1,25.42,29.36,35.42,16.96,898,4414
BIKE,2018-06-04,2,2,1,26.04,29.73,45.63,8.25,1869,3473
BIKE,2018-06-05,2,3,2,26.58,30.84,65.25,9.29,1685,3221
BIKE,2018-06-06,2,4,1,27.81,31.09,60,8.17,673,3875
BIKE,2018-06-07,2,5,1,29.01,32.8,59.79,12.58,763,4070
BIKE,2018-06-08,2,6,1,31.81,36.36,62.21,9.17,676,3725
BIKE,2018-06-09,2,7,2,33.14,37.88,56.83,10.04,563,3352
BIKE,2018-06-10,2,1,1,30.96,35.16,60.5,9.42,815,3771
BIKE,2018-06-11,2,2,1,29.73,33.9,65.46,10.37,1729,3237
BIKE,2018-06-12,2,3,1,28.39,32.17,74.79,10.96,1467,2993
BIKE,2018-06-13,2,4,1,26.04,30.08,49.46,20.46,863,4157
BIKE,2018-06-14,2,5,1,24.77,29.58,50.71,18.04,727,4164
BIKE,2018-06-15,2,6,1,25.69,29.39,47.17,11.25,769,4411
BIKE,2018-06-16,2,7,2,25.76,29.77,68.83,13.83,545,3222
BIKE,2018-06-17,2,1,1,26.62,30.02,73.58,9.58,863,3981
BIKE,2018-06-18,2,2,1,28.56,32.2,67.04,8,1807,3312
BIKE,2018-06-19,2,3,2,28.67,32.29,66.67,6.83,1639,3105
BIKE,2018-06-20,2,4,2,26.04,29.77,74.63,10.42,699,3311
BIKE,2018-06-21,3,5,2,27.91,31.88,77.04,11.46,774,4061
BIKE,2018-06-22,3,6,1,30.07,34.69,70.75,11.54,661,3846
BIKE,2018-06-23,3,7,2,29.86,34.69,70.33,16,746,4044
BIKE,2018-06-24,3,1,1,29.69,32.83,57.33,14.88,969,4022
BIKE,2018-06-25,3,2,1,28.5,32.17,48.33,14.04,1782,3420
BIKE,2018-06-26,3,3,1,27.88,31.88,51.33,6.33,1920,3385
BIKE,2018-06-27,3,4,2,27.98,31.85,65.83,7.21,854,3854
BIKE,2018-06-28,3,5,1,30.51,34.63,63.42,9.67,732,3916
BIKE,2018-06-29,3,6,1,29.86,32.73,49.79,17.54,848,4377
BIKE,2018-06-30,3,7,1,28.56,31.85,43.42,12.42,1027,4488
BIKE,2018-07-01,3,1,1,29.62,32.61,39.63,6.87,1246,4116
BIKE,2018-07-02,3,2,1,30.27,33.37,44.46,7.71,2204,2915
BIKE,2018-07-03,3,3,2,29.38,33.43,68.25,15.33,2282,2367
BIKE,2018-07-04,3,4,2,29.79,33.27,63.79,5.46,3065,2978
BIKE,2018-07-05,3,5,1,30.61,34.82,59.04,8.46,1031,3634
BIKE,2018-07-06,3,6,1,29.52,34.28,74.33,10.04,784,3845
BIKE,2018-07-07,3,7,1,30.75,34.34,65.13,10.67,754,3838
BIKE,2018-07-08,3,1,2,29.08,33.52,75.79,15.08,692,3348
BIKE,2018-07-09,3,2,1,30.07,33.21,60.92,11.25,1988,3348
BIKE,2018-07-10,3,3,1,30.65,34.5,57.83,12.29,1743,3138
BIKE,2018-07-11,3,4,1,31.26,36.49,63.58,18.92,723,3363
BIKE,2018-07-12,3,5,1,32.56,36.96,55.92,13.42,662,3596
BIKE,2018-07-13,3,6,1,30.61,34.47,63.17,9.79,748,3594
BIKE,2018-07-14,3,7,1,27.91,31.76,47.63,16.12,888,4196
BIKE,2018-07-15,3,1,1,27.2,31.22,59.13,12.25,1318,4220
BIKE,2018-07-16,3,2,1,28.15,31.91,58.5,13.96,2418,3505
BIKE,2018-07-17,3,3,1,29.49,33.49,60.42,16.42,2006,3296
BIKE,2018-07-18,3,4,1,30.61,35.2,65.13,14.46,841,3617
BIKE,2018-07-19,3,5,1,31.84,37.37,65.04,8.75,752,3789
BIKE,2018-07-20,3,6,1,31.5,37.34,70.71,7.63,644,3688
BIKE,2018-07-21,3,7,2,33.42,41.32,69.13,14.88,632,3152
BIKE,2018-07-22,3,1,1,34.78,42.04,58.04,8.92,562,2825
BIKE,2018-07-23,3,2,1,34.82,40.21,50,8.79,987,2298
BIKE,2018-07-24,3,3,1,34.03,39.74,55.08,11.33,1050,2556
BIKE,2018-07-25,3,4,1,30.48,36.05,75.71,6.08,568,3272
BIKE,2018-07-26,3,5,1,31.64,34.85,54.08,13.42,750,3840
BIKE,2018-07-27,3,6,1,31.78,34.53,40.29,12.29,755,3901
BIKE,2018-07-28,3,7,1,31.95,37,58.33,11.96,606,3784
BIKE,2018-07-29,3,1,1,34.37,39.3,54.25,11.67,670,3176
BIKE,2018-07-30,3,2,1,32.97,36.43,46.58,11.29,1559,2916
BIKE,2018-07-31,3,3,1,33.04,36.49,48.08,11.04,1524,2778
BIKE,2018-08-01,3,4,1,31.64,35.16,55.08,10.5,729,3537
BIKE,2018-08-02,3,5,1,32.12,35.35,49.13,13.79,801,4044
BIKE,2018-08-03,3,6,2,30,34,65.75,9.08,467,3107
BIKE,2018-08-04,3,7,2,29.11,33.24,75.75,13.21,799,3777
BIKE,2018-08-05,3,1,1,29.14,32.83,63.08,12.37,1023,3843
BIKE,2018-08-06,3,2,2,29.38,33.81,75.5,15.29,1521,2773
BIKE,2018-08-07,3,3,1,30.44,35.76,75.29,13.5,1298,2487
BIKE,2018-08-08,3,4,1,31.37,35.16,59.21,12.88,846,3480
BIKE,2018-08-09,3,5,1,31.78,36.21,57.04,10.13,907,3695
BIKE,2018-08-10,3,6,1,31.43,34.25,42.42,13.42,884,3896
BIKE,2018-08-11,3,7,1,29.42,32.58,42.38,11.04,812,3980
BIKE,2018-08-12,3,1,1,29.04,32.7,41.5,8.42,1051,3854
BIKE,2018-08-13,3,2,2,28.12,32.29,72.96,14.17,1504,2646
BIKE,2018-08-14,3,3,2,27.74,31.22,81.75,14.92,1338,2482
BIKE,2018-08-15,3,4,1,27.3,30.81,71.21,14,775,3563
BIKE,2018-08-16,3,5,1,28.73,32.29,57.83,15.83,721,4004
BIKE,2018-08-17,3,6,1,29.66,33.33,57.54,9.63,668,4026
BIKE,2018-08-18,3,7,1,29.18,33.11,65.46,15.62,639,3166
BIKE,2018-08-19,3,1,2,28.09,31.66,72.29,9.33,797,3356
BIKE,2018-08-20,3,2,1,28.6,32.45,67.42,7,1914,3277
BIKE,2018-08-21,3,3,1,29.14,33.78,77,16.67,1249,2624
BIKE,2018-08-22,3,4,1,28.36,31.91,47,18.54,833,3925
BIKE,2018-08-23,3,5,1,26.27,30.3,45.54,9.83,1281,4614
BIKE,2018-08-24,3,6,1,27.61,31.53,60.5,16.96,949,4181
BIKE,2018-08-25,3,7,2,28.05,32.29,77.17,14.13,435,3107
BIKE,2018-08-26,3,1,1,28.7,32.99,76.13,5.63,768,3893
BIKE,2018-08-27,3,2,2,27.88,31.78,85,25.17,226,889
BIKE,2018-08-28,3,3,1,28.99,32.4,56.18,20.41,1415,2919
BIKE,2018-08-29,3,4,1,26.1,30.4,55.46,10.71,729,3905
BIKE,2018-08-30,3,5,1,26.21,29.74,54.83,8.38,775,4429
BIKE,2018-08-31,3,6,1,26.92,30.56,59.79,5.58,688,4370
BIKE,2018-09-01,3,7,1,26.86,30.75,63.92,9.5,783,4332
BIKE,2018-09-02,3,1,2,26.38,30.24,72.71,9.38,875,3852
BIKE,2018-09-03,3,2,1,27.44,31.66,71.67,12.42,1935,2549
BIKE,2018-09-04,3,3,1,29.08,33.27,74.21,13.83,2521,2419
BIKE,2018-09-05,3,4,2,27.61,31.28,79.04,14.25,1236,2115
BIKE,2018-09-06,3,5,3,22.14,25.76,88.7,23.04,204,2506
BIKE,2018-09-07,3,6,3,24.57,27.21,91.71,6.5,118,1878
BIKE,2018-09-08,3,7,3,25.99,27.77,93.96,12.91,153,1689
BIKE,2018-09-09,3,1,2,26.65,28.95,89.79,8.33,417,3127
BIKE,2018-09-10,3,2,1,27.06,30.4,75.38,10.29,1750,3595
BIKE,2018-09-11,3,3,1,26.79,30.46,71.38,7.71,1633,3413
BIKE,2018-09-12,3,4,1,26.42,30.11,69.22,5.96,690,4023
BIKE,2018-09-13,3,5,1,26.68,30.18,71.25,9.5,701,4062
BIKE,2018-09-14,3,6,1,27.61,31.35,69.71,11.21,647,4138
BIKE,2018-09-15,3,7,2,23.68,27.68,70.92,18.17,428,3231
BIKE,2018-09-16,3,1,2,19.24,23.07,59.04,11,742,4018
BIKE,2018-09-17,3,2,2,20.16,23.93,71.83,12.71,1434,3077
BIKE,2018-09-18,3,3,1,20.81,24.53,69.5,11.96,1353,2921
BIKE,2018-09-19,3,4,2,22.52,26.48,69,10.17,691,3848
BIKE,2018-09-20,3,5,2,23.03,26.61,88.13,9.04,438,3203
BIKE,2018-09-21,3,6,2,24.4,27.53,90,6.46,539,3813
BIKE,2018-09-22,3,7,2,25.76,27.75,90.21,8.58,555,4240
BIKE,2018-09-23,4,1,2,24.98,26.11,97.25,5.25,258,2137
BIKE,2018-09-24,4,2,2,24.87,28.22,86.25,5.25,1776,3647
BIKE,2018-09-25,4,3,2,26,28.63,84.5,3.38,1544,3466
BIKE,2018-09-26,4,4,2,26.62,29.45,84.83,7.42,684,3946
BIKE,2018-09-27,4,5,2,26.1,28.73,88.54,7.92,477,3643
BIKE,2018-09-28,4,6,2,26.04,28.76,84.88,9.96,480,3427
BIKE,2018-09-29,4,7,1,25.28,28.73,69.92,11.58,653,4186
BIKE,2018-09-30,4,1,1,23.13,27.24,64.75,13.83,830,4372
BIKE,2018-10-01,4,2,2,16.81,20.64,75.38,19.58,480,1949
BIKE,2018-10-02,4,3,2,14.62,17.27,79.17,14.87,616,2302
BIKE,2018-10-03,4,4,2,15.75,19.6,76.08,5.58,330,3240
BIKE,2018-10-04,4,5,1,19.85,23.64,71,13.79,486,3970
BIKE,2018-10-05,4,6,1,22.07,26.36,64.79,11.88,559,4267
BIKE,2018-10-06,4,7,1,20.26,24.02,62.08,9.04,639,4126
BIKE,2018-10-07,4,1,1,20.94,25.22,68.42,1.5,949,4036
BIKE,2018-10-08,4,2,1,21.39,25.66,70.13,3.04,2235,3174
BIKE,2018-10-09,4,3,1,22.17,26.2,72.75,4.25,2397,3114
BIKE,2018-10-10,4,4,1,23.4,27.15,73.38,2.83,1514,3603
BIKE,2018-10-11,4,5,2,23.23,27.3,80.88,9.58,667,3896
BIKE,2018-10-12,4,6,3,22.28,25.89,90.63,16.63,217,2199
BIKE,2018-10-13,4,7,2,24.16,27.59,89.67,9.5,290,2623
BIKE,2018-10-14,4,1,2,22.58,26.48,71.63,15,529,3115
BIKE,2018-10-15,4,2,1,20.77,24.94,48.33,17.29,1899,3318
BIKE,2018-10-16,4,3,1,20.98,25.16,48.67,18.88,1748,3293
BIKE,2018-10-17,4,4,1,21.9,25.54,57.96,11.75,713,3857
BIKE,2018-10-18,4,5,2,21.83,26.14,70.17,7.38,637,4111
BIKE,2018-10-19,4,6,3,22.21,25.69,89.52,16.3,254,2170
BIKE,2018-10-20,4,7,1,19.51,23.33,63.63,28.29,471,3724
BIKE,2018-10-21,4,1,1,17.53,21.18,57.42,14.83,676,3628
BIKE,2018-10-22,4,2,1,17.32,21.27,62.92,6.21,1499,2809
BIKE,2018-10-23,4,3,1,17.29,21.12,74.13,6.67,1619,2762
BIKE,2018-10-24,4,4,1,19,22.85,77.21,7.96,699,3488
BIKE,2018-10-25,4,5,1,19.34,23.17,62.29,11.17,695,3992
BIKE,2018-10-26,4,6,2,19.85,23.64,72.04,9.96,404,3490
BIKE,2018-10-27,4,7,2,19.27,22.85,81.29,13.25,240,2419
BIKE,2018-10-28,4,1,2,13.56,15.94,58.58,15.38,456,3291
BIKE,2018-10-29,4,2,3,10.42,11.4,88.25,23.54,57,570
BIKE,2018-10-30,4,3,1,13.09,16.07,62.38,11.83,885,2446
BIKE,2018-10-31,4,4,1,13.94,17.8,70.33,7.13,362,3307
BIKE,2018-11-01,4,5,1,16.43,19.85,68.38,9.08,410,3658
BIKE,2018-11-02,4,6,1,15.48,19.51,71.88,5.5,370,3816
BIKE,2018-11-03,4,7,1,16.74,20.3,70.21,9.17,318,3656
BIKE,2018-11-04,4,1,2,16.54,20.17,62.25,18.21,470,3576
BIKE,2018-11-05,4,2,1,13.39,16.19,51.92,12.67,1156,2770
BIKE,2018-11-06,4,3,1,14.28,18.12,73.46,6.17,952,2697
BIKE,2018-11-07,4,4,1,16.2,20.04,75.88,3.83,373,3662
BIKE,2018-11-08,4,5,1,16.74,20.61,72.17,4.63,376,3829
BIKE,2018-11-09,4,6,1,16.4,20.45,75.83,4.17,305,3804
BIKE,2018-11-10,4,7,2,15.58,18.69,81.33,12.67,190,2743
BIKE,2018-11-11,4,1,1,13.29,15.34,44.63,21.08,440,2928
BIKE,2018-11-12,4,2,1,14.62,17.9,55.29,14.21,1275,2792
BIKE,2018-11-13,4,3,1,18.07,21.53,45.83,18.88,1004,2713
BIKE,2018-11-14,4,4,1,21.73,26.23,58.71,20.54,595,3891
BIKE,2018-11-15,4,5,2,21.73,25.38,68.88,13.38,449,3746
BIKE,2018-11-16,4,6,3,18.72,22.6,93,9.17,145,1672
BIKE,2018-11-17,4,7,2,14.01,16.16,57.58,20.46,139,2914
BIKE,2018-11-18,4,1,1,11.24,13.64,41,11.29,245,3147
BIKE,2018-11-19,4,2,1,13.5,16.22,50.21,15.04,943,2720
BIKE,2018-11-20,4,3,2,19,22.85,68.46,12.46,787,2733
BIKE,2018-11-21,4,4,3,18.35,22.25,91,9.25,220,2545
BIKE,2018-11-22,4,5,3,17.08,21.08,96.25,7.96,69,1538
BIKE,2018-11-23,4,6,2,18.07,21.53,75.79,22.5,112,2454
BIKE,2018-11-24,4,7,1,15.31,18.62,54.92,11.21,560,935
BIKE,2018-11-25,4,1,1,15.38,19.03,64.38,6.63,1095,1697
BIKE,2018-11-26,4,2,1,15.41,19.25,68.17,4.58,1249,1819
BIKE,2018-11-27,4,3,1,18.83,22.79,69.83,14,810,2261
BIKE,2018-11-28,4,4,1,20.64,24.51,74.3,9.52,253,3614
BIKE,2018-11-29,4,5,2,18.79,22.57,83.08,17.29,96,2818
BIKE,2018-11-30,4,6,1,13.33,15.56,61.33,18.17,188,3425
BIKE,2018-12-01,4,7,1,12.81,15.28,52.46,14.75,182,3545
BIKE,2018-12-02,4,1,1,12.88,16.57,62.58,6.75,268,3672
BIKE,2018-12-03,4,2,1,12.27,15.53,61.29,6.42,706,2908
BIKE,2018-12-04,4,3,1,13.56,17.46,77.58,5.63,634,2851
BIKE,2018-12-05,4,4,2,15.82,19.7,82.71,4.17,233,3578
BIKE,2018-12-06,4,5,3,18.96,22.82,94.96,15.58,126,2468
BIKE,2018-12-07,4,6,3,16.81,20.01,97.04,17.83,50,655
BIKE,2018-12-08,4,7,1,10.9,12.85,58,16.08,150,3172
BIKE,2018-12-09,4,1,1,11.92,15.88,69.58,5.54,261,3359
BIKE,2018-12-10,4,2,1,11.28,13.32,50.75,15.63,502,2688
BIKE,2018-12-11,4,3,1,9.05,12.66,49,4.46,377,2366
BIKE,2018-12-12,4,4,1,9.77,13.51,67.08,4.25,143,3167
BIKE,2018-12-13,4,5,1,11.58,15.06,59,9.42,155,3368
BIKE,2018-12-14,4,6,2,13.02,16.92,66.38,4.08,178,3562
BIKE,2018-12-15,4,7,2,17.32,20.61,63.42,17.96,181,3528
BIKE,2018-12-16,4,1,2,15.38,17.99,50.04,17.46,178,3399
BIKE,2018-12-17,4,2,2,10.59,12.47,56.08,16.29,275,2464
BIKE,2018-12-18,4,3,1,9.77,12.28,58.63,11.38,220,2211
BIKE,2018-12-19,4,4,1,11.34,14.05,63.75,11.58,260,3143
BIKE,2018-12-20,4,5,2,15.82,19.82,59.54,4.13,216,3534
BIKE,2018-12-21,1,6,2,17.56,21.4,85.83,14.83,107,2553
BIKE,2018-12-22,1,7,2,17.36,21.31,75.75,3.17,227,2841
BIKE,2018-12-23,1,1,1,15.31,18.88,68.63,18.37,163,2046
BIKE,2018-12-24,1,2,1,12.4,14.96,54.25,12.75,155,856
BIKE,2018-12-25,1,3,1,11.27,14,68.13,10.39,303,451
BIKE,2018-12-26,1,4,1,13.19,15.78,50.7,16.04,430,887
BIKE,2018-12-27,1,5,2,13.33,16.38,76.25,12.63,103,1059
BIKE,2018-12-28,1,6,1,12.26,14,50.39,19.7,255,2047
BIKE,2018-12-29,1,7,1,10.18,13.19,57.42,8,254,2169
BIKE,2018-12-30,1,1,1,12.78,15.94,63.67,9,491,2508
BIKE,2018-12-31,1,2,1,16.81,20.71,61.58,14.75,665,1820
BIKE,2019-01-01,1,3,1,15.17,18.78,69.25,12.88,686,1608
BIKE,2019-01-02,1,4,1,11.19,12.62,38.13,22.09,244,1707
BIKE,2019-01-03,1,5,1,6.15,6.31,44.13,24.5,89,2147
BIKE,2019-01-04,1,6,2,4.41,5.97,41.46,12.37,95,2273
BIKE,2019-01-05,1,7,1,10.9,13.92,52.42,8.71,140,3132
BIKE,2019-01-06,1,1,1,13.7,17.01,54.21,11.25,307,3791
BIKE,2019-01-07,1,2,1,16.13,19.54,53.17,11.71,1070,3451
BIKE,2019-01-08,1,3,1,13.84,17.01,46.5,12.83,599,2826
BIKE,2019-01-09,1,4,2,9.19,12.37,70.17,6.63,106,2270
BIKE,2019-01-10,1,5,1,12.66,15.94,64.65,12.57,173,3425
BIKE,2019-01-11,1,6,2,11.24,14.14,84.75,8.79,92,2085
BIKE,2019-01-12,1,7,2,15.68,19.1,80.29,12.12,269,3828
BIKE,2019-01-13,1,1,1,11.24,12.47,50.75,25.33,174,3040
BIKE,2019-01-14,1,2,1,7.38,9.15,45.75,12.54,333,2160
BIKE,2019-01-15,1,3,1,6.83,8.08,41.92,16.83,284,2027
BIKE,2019-01-16,1,4,1,7.79,9.53,52.25,15.5,217,2081
BIKE,2019-01-17,1,5,2,15.29,18.21,71.61,23.39,127,2808
BIKE,2019-01-18,1,6,1,12.44,13.76,44.33,27.83,109,3267
BIKE,2019-01-19,1,7,1,7.79,9.5,49.75,14.75,130,3162
BIKE,2019-01-20,1,1,2,8.92,11.05,45,13.58,115,3048
BIKE,2019-01-21,1,2,2,7.11,8.74,83.13,14.92,67,1234
BIKE,2019-01-22,1,3,2,6.66,8.11,79.63,13.38,196,1781
BIKE,2019-01-23,1,4,2,8.95,12.15,91.13,7.42,145,2287
BIKE,2019-01-24,1,5,1,14.04,17.46,83.58,8.29,439,3900
BIKE,2019-01-25,1,6,1,12.06,14.74,64.38,10.79,467,3803
BIKE,2019-01-26,1,7,2,14.01,17.8,76.96,4.92,244,3831
BIKE,2019-01-27,1,1,2,17.43,20.77,74.13,22.96,269,3187
BIKE,2019-01-28,1,2,1,12.95,16.32,54.33,14.13,775,3248
BIKE,2019-01-29,1,3,1,11.58,13.64,31.13,16.08,558,2685
BIKE,2019-01-30,1,4,1,11.04,13.13,40.08,14.46,126,3498
BIKE,2019-01-31,1,5,1,15.99,19.07,41.67,17.54,324,4185
BIKE,2019-02-01,1,6,1,19.24,23.33,50.79,12.67,304,4275
BIKE,2019-02-02,1,7,2,16.37,19.95,67.29,12.54,190,3571
BIKE,2019-02-03,1,1,1,12.85,15.47,52.67,11.96,310,3841
BIKE,2019-02-04,1,2,2,10.83,13.64,77.96,8.17,384,2448
BIKE,2019-02-05,1,3,2,10.9,13.23,68.79,11.79,318,2629
BIKE,2019-02-06,1,4,1,11.59,14.82,62.22,10.3,206,3578
BIKE,2019-02-07,1,5,1,14.52,18.06,49.63,9.87,199,4176
BIKE,2019-02-08,1,6,2,10.52,13.32,72.29,8.96,109,2693
BIKE,2019-02-09,1,7,1,10.87,13.1,56.21,13,163,3667
BIKE,2019-02-10,1,1,2,11.51,14.68,54,7.83,227,3604
BIKE,2019-02-11,1,2,3,9.19,10.54,73.13,19.42,192,1977
BIKE,2019-02-12,1,3,1,5.23,5.08,46.46,27.42,73,1456
BIKE,2019-02-13,1,4,1,9.12,11.4,41.13,11.21,94,3328
BIKE,2019-02-14,1,5,2,13.09,16.7,50.88,9.46,135,3787
BIKE,2019-02-15,1,6,1,14.28,17.58,53.13,12.17,141,4028
BIKE,2019-02-16,1,7,2,12.98,16.51,75.29,6.13,74,2931
BIKE,2019-02-17,1,1,1,14.08,17.58,63.46,13.79,349,3805
BIKE,2019-02-18,1,2,1,14.21,17.77,53.46,12.79,1435,2883
BIKE,2019-02-19,1,3,2,11.48,13.29,51.58,16.96,618,2071
BIKE,2019-02-20,1,4,1,11.48,13.67,50.78,15.35,502,2627
BIKE,2019-02-21,1,5,1,11.8,14.76,59.43,13.78,163,3614
BIKE,2019-02-22,1,6,1,16.23,19.63,56.79,15.71,394,4379
BIKE,2019-02-23,1,7,1,18.62,22.22,55.46,12.79,516,4546
BIKE,2019-02-24,1,1,2,16.71,20.55,73.75,15.92,246,3241
BIKE,2019-02-25,1,2,1,11.92,12.78,39.58,28.25,317,2415
BIKE,2019-02-26,1,3,1,11.45,13.42,41,13.75,515,2874
BIKE,2019-02-27,1,4,1,15.03,17.9,49.08,17.96,253,4069
BIKE,2019-02-28,1,5,1,14.73,17.68,39.58,12.96,229,4134
BIKE,2019-03-01,1,6,1,19.92,23.77,61.54,15.21,325,4665
BIKE,2019-03-02,1,7,2,14.49,17.99,65.71,9.71,246,2948
BIKE,2019-03-03,1,1,2,16.98,20.67,62.13,10.79,956,3110
BIKE,2019-03-04,1,2,1,13.36,15.15,40.33,22.42,710,2713
BIKE,2019-03-05,1,3,1,9.98,12.06,50.63,15.33,203,3130
BIKE,2019-03-06,1,4,1,10.59,12.75,45.67,13.46,221,3735
BIKE,2019-03-07,1,5,1,16.57,19.26,51.33,23.17,432,4484
BIKE,2019-03-08,1,6,1,21.63,26.23,56.75,29.58,486,4896
BIKE,2019-03-09,1,7,2,16.84,19.85,40.71,27.79,447,4122
BIKE,2019-03-10,1,1,1,11.79,13.89,35.04,15.13,968,3150
BIKE,2019-03-11,1,2,1,14.83,17.98,47.7,14.91,1658,3253
BIKE,2019-03-12,1,3,1,19.13,22.98,48.92,13.92,838,4460
BIKE,2019-03-13,1,4,1,23.17,27.15,61.75,15.88,762,5085
BIKE,2019-03-14,1,5,1,23.47,27.43,50.71,7.71,997,5315
BIKE,2019-03-15,1,6,1,22.86,26.64,57.96,10.04,1005,5187
BIKE,2019-03-16,1,7,2,17.87,21.81,84.21,7.58,548,3830
BIKE,2019-03-17,1,1,2,21.08,25.25,75.58,7.42,3155,4681
BIKE,2019-03-18,1,2,2,19.37,23.2,81,8.5,2207,3685
BIKE,2019-03-19,1,3,1,22.35,26.64,72.88,10.88,982,5171
BIKE,2019-03-20,1,4,1,22.99,26.93,80.79,8.13,1051,5042
BIKE,2019-03-21,2,5,2,21.8,25.66,82.13,6,1122,5108
BIKE,2019-03-22,2,6,1,22.72,26.58,83.13,7.88,1334,5537
BIKE,2019-03-23,2,7,2,24.67,28.5,69.42,7.79,2469,5893
BIKE,2019-03-24,2,1,2,20.6,24.34,88.54,12.92,1033,2339
BIKE,2019-03-25,2,2,2,17.94,21.87,88.08,14.79,1532,3464
BIKE,2019-03-26,2,3,1,18.28,21.94,47.79,25.92,795,4763
BIKE,2019-03-27,2,4,1,13.26,15.78,29,12.54,531,4571
BIKE,2019-03-28,2,5,1,19.85,23.55,48.13,19.54,674,5024
BIKE,2019-03-29,2,6,1,20.26,24.12,43.92,21.42,834,5299
BIKE,2019-03-30,2,7,2,15.17,18.78,58.08,9.25,796,4663
BIKE,2019-03-31,2,1,2,17.39,21.09,73.83,16.79,2301,3934
BIKE,2019-04-01,2,2,2,17.46,20.86,67.63,11.54,2347,3694
BIKE,2019-04-02,2,3,1,17.79,21.38,50.43,20.91,1208,4728
BIKE,2019-04-03,2,4,1,19.13,23.07,39.67,6.71,1348,5424
BIKE,2019-04-04,2,5,1,22.21,26.67,46.96,12.13,1058,5378
BIKE,2019-04-05,2,6,1,17.84,21.56,37.42,14.71,1192,5265
BIKE,2019-04-06,2,7,1,16.54,19.54,37.71,20.13,1807,4653
BIKE,2019-04-07,2,1,1,17.94,21.31,25.42,18.42,3252,3605
BIKE,2019-04-08,2,2,1,20.5,24.62,27.58,15.58,2230,2939
BIKE,2019-04-09,2,3,1,20.06,23.83,31.75,24,905,4680
BIKE,2019-04-10,2,4,1,18.31,21.81,43.5,16.71,819,5099
BIKE,2019-04-11,2,5,1,14.3,16.86,46.96,19.78,482,4380
BIKE,2019-04-12,2,6,1,16.3,19.38,46.63,19.46,663,4746
BIKE,2019-04-13,2,7,1,18.14,21.59,40.83,10.42,1252,5146
BIKE,2019-04-14,2,1,1,20.3,24.4,50.29,12.79,2795,4665
BIKE,2019-04-15,2,2,1,24.87,28.69,50.79,15.08,2846,4286
BIKE,2019-04-16,2,3,1,27.23,30.75,56.17,19.08,1198,5172
BIKE,2019-04-17,2,4,1,24.94,29.92,39.04,18.33,989,5702
BIKE,2019-04-18,2,5,2,19,22.85,56.92,11.25,347,4020
BIKE,2019-04-19,2,6,1,20.43,24.65,61.25,4.42,846,5719
BIKE,2019-04-20,2,7,1,21.59,25.79,69.46,10.04,1340,5950
BIKE,2019-04-21,2,1,1,23.37,27.15,68.29,19,2541,4083
BIKE,2019-04-22,2,2,3,16.26,19.48,83.54,23.08,120,907
BIKE,2019-04-23,2,3,2,13.19,15.06,76.67,20.33,195,3019
BIKE,2019-04-24,2,4,1,16.95,20.26,45.42,16.71,518,5115
BIKE,2019-04-25,2,5,1,19.54,23.52,42.79,7.96,655,5541
BIKE,2019-04-26,2,6,2,20.43,24.18,75.67,11.83,475,4551
BIKE,2019-04-27,2,7,1,18.76,22.63,40.08,23.29,1014,5219
BIKE,2019-04-28,2,1,2,15.44,18.88,48.96,8.71,1120,3100
BIKE,2019-04-29,2,2,1,18.79,22.51,58.71,7.83,2229,4075
BIKE,2019-04-30,2,3,2,19.03,22.88,57,11.5,665,4907
BIKE,2019-05-01,2,4,2,25.15,28.85,65.96,10.46,653,5087
BIKE,2019-05-02,2,5,1,23.13,26.89,79.71,9.25,667,5502
BIKE,2019-05-03,2,6,2,22.96,26.86,76.83,8.96,764,5657
BIKE,2019-05-04,2,7,1,25.73,29.55,73.54,10.92,1069,5227
BIKE,2019-05-05,2,1,2,25.49,29.23,75.67,10.25,2496,4387
BIKE,2019-05-06,2,2,2,23.06,27.34,74,10.04,2135,4224
BIKE,2019-05-07,2,3,2,22.04,26.36,66.42,15.46,1008,5265
BIKE,2019-05-08,2,4,2,23.85,27.87,68.58,19.83,738,4990
BIKE,2019-05-09,2,5,2,23.58,27.65,74.42,14.5,620,4097
BIKE,2019-05-10,2,6,1,20.74,24.59,55.21,21.04,1026,5546
BIKE,2019-05-11,2,7,1,21.87,26.04,36.04,15.87,1319,5711
BIKE,2019-05-12,2,1,1,23.13,27.24,48.04,8.25,2622,4807
BIKE,2019-05-13,2,2,1,25.11,29.26,57.63,15.08,2172,3946
BIKE,2019-05-14,2,3,2,23.51,27.5,78.96,14.25,342,2501
BIKE,2019-05-15,2,4,2,25.08,28.82,79.46,9.88,625,4490
BIKE,2019-05-16,2,5,1,26.1,29.8,69.79,8.21,991,6433
BIKE,2019-05-17,2,6,1,24.33,28.63,52,15.37,1242,6142
BIKE,2019-05-18,2,7,1,23.13,27.56,52.33,9.17,1521,6118
BIKE,2019-05-19,2,1,1,24.6,28.35,45.63,5.63,3410,4884
BIKE,2019-05-20,2,2,1,25.45,29.2,53.04,17.04,2704,4425
BIKE,2019-05-21,2,3,2,24.53,28.28,81.13,15.62,630,3729
BIKE,2019-05-22,2,4,2,25.22,29.04,76.58,7.92,819,5254
BIKE,2019-05-23,2,5,2,25.49,29.23,77.46,6.83,766,4494
BIKE,2019-05-24,2,6,1,26.86,30.34,71.67,11.58,1059,5711
BIKE,2019-05-25,2,7,1,27.88,31.38,74.71,9.42,1417,5317
BIKE,2019-05-26,2,1,1,28.39,32.13,73.25,13.33,2855,3681
BIKE,2019-05-27,2,2,1,28.29,32.07,69.71,14.42,3283,3308
BIKE,2019-05-28,2,3,1,29.21,33.97,67.63,13.17,2557,3486
BIKE,2019-05-29,2,4,1,29.62,33.65,68.46,19.79,880,4863
BIKE,2019-05-30,2,5,2,26.92,30.56,67,9,745,6110
BIKE,2019-05-31,2,6,1,27.88,31.57,49.29,13.08,1100,6238
BIKE,2019-06-01,2,7,2,26.82,30.4,75.54,15.92,533,3594
BIKE,2019-06-02,2,1,1,23.92,28.31,54.92,12.5,2795,5325
BIKE,2019-06-03,2,2,1,24.7,28.76,49.33,12.33,2494,5147
BIKE,2019-06-04,2,3,1,24.5,28.91,48.71,19.08,1071,5927
BIKE,2019-06-05,2,4,2,22.17,26.29,61.33,14.04,968,6033
BIKE,2019-06-06,2,5,1,22.72,27.11,61.13,5.17,1027,6028
BIKE,2019-06-07,2,6,1,24.7,28.47,56.71,10.54,1038,6456
BIKE,2019-06-08,2,7,1,26.62,29.89,46.79,11.75,1488,6248
BIKE,2019-06-09,2,1,1,29.14,32.42,43.71,9.67,2708,4790
BIKE,2019-06-10,2,2,1,29.79,33.18,53.83,8.96,2224,4374
BIKE,2019-06-11,2,3,2,29.55,32.99,58.79,13.92,1017,5647
BIKE,2019-06-12,2,4,2,26.79,29.89,83.33,14.37,477,4495
BIKE,2019-06-13,2,5,1,26.89,30.56,58.21,23,1173,6248
BIKE,2019-06-14,2,6,1,26.58,31.22,56.96,17,1180,6183
BIKE,2019-06-15,2,7,1,26.21,29.99,58.96,11.83,1563,6102
BIKE,2019-06-16,2,1,1,25.9,29.74,50.42,11.17,2963,4739
BIKE,2019-06-17,2,2,1,24.29,28.6,59.88,9.71,2634,4344
BIKE,2019-06-18,2,3,2,23.3,27.24,77.79,11.71,653,4446
BIKE,2019-06-19,2,4,1,28.22,32.73,69,9.92,968,5857
BIKE,2019-06-20,2,5,1,32.08,36.05,59.21,7.63,872,5339
BIKE,2019-06-21,3,6,1,33.04,37.63,56.79,7.96,778,5127
BIKE,2019-06-22,3,7,1,31.88,36.21,57.38,12.25,964,4859
BIKE,2019-06-23,3,1,1,30,32.64,53.46,12.04,2657,4801
BIKE,2019-06-24,3,2,1,30.48,33.71,47.92,9.75,2551,4340
BIKE,2019-06-25,3,3,1,29.35,32.7,50.42,20.13,1139,5640
BIKE,2019-06-26,3,4,1,25.86,29.74,37.33,23.29,1077,6365
BIKE,2019-06-27,3,5,1,28.6,32.04,36,18.21,1077,6258
BIKE,2019-06-28,3,6,1,30.72,33.78,42.25,11.5,921,5958
BIKE,2019-06-29,3,7,1,34.2,39.33,48.88,11.08,829,4634
BIKE,2019-06-30,3,1,1,31.37,34.38,60.13,10.79,1455,4232
BIKE,2019-07-01,3,2,1,33.45,37.53,51.88,11.29,1421,4110
BIKE,2019-07-02,3,3,1,32.05,35.1,44.71,13.08,904,5323
BIKE,2019-07-03,3,4,1,32.01,35.13,49.21,8.46,1052,5608
BIKE,2019-07-04,3,5,1,32.36,36.62,53.88,9.04,2562,4841
BIKE,2019-07-05,3,6,1,33.93,38.07,45.79,13,1405,4836
BIKE,2019-07-06,3,7,1,33.96,37.63,45.08,9.79,1366,4841
BIKE,2019-07-07,3,1,1,35.33,40.25,49.21,10.96,1448,3392
BIKE,2019-07-08,3,2,1,33.72,39.52,57.38,8.42,1203,3469
BIKE,2019-07-09,3,3,2,29.14,32.7,68.33,12.13,998,5571
BIKE,2019-07-10,3,4,2,29.55,33.24,66.75,10.17,954,5336
BIKE,2019-07-11,3,5,1,29.38,32.51,63.33,10.17,975,6289
BIKE,2019-07-12,3,6,1,29.35,32.73,52.96,9.83,1032,6414
BIKE,2019-07-13,3,7,2,30,33.4,48.58,5.42,1511,5988
BIKE,2019-07-14,3,1,2,28.84,33.3,69.92,9.63,2355,4614
BIKE,2019-07-15,3,2,1,30.58,35.26,71.79,11.17,1920,4111
BIKE,2019-07-16,3,3,1,31.3,36.21,64.5,11,1088,5742
BIKE,2019-07-17,3,4,1,33.55,37.78,50.58,7.67,921,5865
BIKE,2019-07-18,3,5,1,32.53,37.28,57.71,9.21,799,4914
BIKE,2019-07-19,3,6,1,31.57,35.73,60.04,11.08,888,5703
BIKE,2019-07-20,3,7,2,27.3,30.65,84.42,14,747,5123
BIKE,2019-07-21,3,1,3,24.43,27.5,86.54,14.29,1264,3195
BIKE,2019-07-22,3,2,2,27.37,31.16,76.25,6.29,2544,4866
BIKE,2019-07-23,3,3,1,30.41,34.5,69.42,9.29,1135,5831
BIKE,2019-07-24,3,4,1,30.78,35.32,65.5,14.17,1140,6452
BIKE,2019-07-25,3,5,1,29.69,32.7,45,11.04,1383,6790
BIKE,2019-07-26,3,6,1,31.84,36.96,59.67,19.08,1036,5825
BIKE,2019-07-27,3,7,1,32.05,36.71,59.46,10.25,1259,5645
BIKE,2019-07-28,3,1,1,30.99,34.88,61.33,10.54,2234,4451
BIKE,2019-07-29,3,2,1,29.59,33.4,62.38,11.42,2153,4444
BIKE,2019-07-30,3,3,1,29.96,34.25,66.88,10.29,1040,6065
BIKE,2019-07-31,3,4,1,29.25,33.14,70.42,11.08,968,6248
BIKE,2019-08-01,3,5,1,29.42,33.37,67.75,9.46,1074,6506
BIKE,2019-08-02,3,6,1,30.85,35.35,65.96,8.67,983,6278
BIKE,2019-08-03,3,7,2,31.4,36.14,64.25,14.46,1328,5847
BIKE,2019-08-04,3,1,1,32.53,37.56,61.33,17.25,2345,4479
BIKE,2019-08-05,3,2,1,31.54,36.55,65.25,19.46,1707,3757
BIKE,2019-08-06,3,3,2,30.85,35.51,65.42,8.67,1233,5780
BIKE,2019-08-07,3,4,2,30.17,34.88,70.38,7.83,1278,5995
BIKE,2019-08-08,3,5,2,30.75,35.39,67.29,7.42,1263,6271
BIKE,2019-08-09,3,6,1,30.99,34.98,62.04,10.46,1196,6090
BIKE,2019-08-10,3,7,2,29.35,33.4,71.58,16,1065,4721
BIKE,2019-08-11,3,1,2,28.39,31.91,73.29,13.83,2247,4052
BIKE,2019-08-12,3,2,1,28.73,32.23,53.04,8.21,2182,4362
BIKE,2019-08-13,3,3,1,29.55,33.11,54.54,9.13,1207,5676
BIKE,2019-08-14,3,4,1,29.79,33.84,68.67,11.33,1128,5656
BIKE,2019-08-15,3,5,1,28.97,32.7,61.96,11.37,1198,6149
BIKE,2019-08-16,3,6,1,29.49,32.73,51.92,9.5,1338,6267
BIKE,2019-08-17,3,7,1,29.66,12.12,57.08,15.5,1483,5665
BIKE,2019-08-18,3,1,1,27.81,30.9,60.33,11.92,2827,5038
BIKE,2019-08-19,3,2,2,26.07,30.18,71.17,5.79,1208,3341
BIKE,2019-08-20,3,3,2,26.07,29.8,73.42,8.71,1026,5504
BIKE,2019-08-21,3,4,1,26.62,30.05,67.38,4.88,1081,5925
BIKE,2019-08-22,3,5,1,27.37,31.09,67.71,4.71,1094,6281
BIKE,2019-08-23,3,6,1,28.53,31.85,63.58,5.67,1363,6402
BIKE,2019-08-24,3,7,2,28.8,32.36,61.5,4.83,1325,6257
BIKE,2019-08-25,3,1,2,27.13,30.93,71.29,16.38,1829,4224
BIKE,2019-08-26,3,2,2,26.79,29.8,84.58,15.33,1483,3772
BIKE,2019-08-27,3,3,1,28.84,32.73,73.04,8.63,989,5928
BIKE,2019-08-28,3,4,1,29.86,33.3,62,12.79,935,6105
BIKE,2019-08-29,3,5,1,28.09,31.79,55.21,7.54,1177,6520
BIKE,2019-08-30,3,6,1,28.97,32.64,59.04,5.17,1172,6541
BIKE,2019-08-31,3,7,1,31.33,34.47,58.75,11.29,1433,5917
BIKE,2019-09-01,3,1,2,30.89,35.13,63.83,7.58,2352,3788
BIKE,2019-09-02,3,2,2,28.56,32.45,81.5,4.29,2613,3197
BIKE,2019-09-03,3,3,1,29.01,33.08,79.08,10.13,1965,4069
BIKE,2019-09-04,3,4,1,29.76,34.34,75.5,15.83,867,5997
BIKE,2019-09-05,3,5,1,30.2,35.45,74.13,12.58,832,6280
BIKE,2019-09-06,3,6,2,28.56,32.77,81.04,9.54,611,5592
BIKE,2019-09-07,3,7,1,28.84,32.86,73.63,11.5,1045,6459
BIKE,2019-09-08,3,1,2,27.03,30.56,79.92,18.83,1557,4419
BIKE,2019-09-09,3,2,1,25.01,28.95,54.75,15.04,2570,5657
BIKE,2019-09-10,3,3,1,23.92,28.28,50.38,17.33,1118,6407
BIKE,2019-09-11,3,4,1,23.68,27.71,52,6.17,1070,6697
BIKE,2019-09-12,3,5,1,24.57,28.5,57.71,8.83,1050,6820
BIKE,2019-09-13,3,6,1,25.11,28.98,63.71,5.54,1054,6750
BIKE,2019-09-14,3,7,1,25.97,29.7,67.25,6.96,1379,6630
BIKE,2019-09-15,3,1,1,24.94,29.29,50.17,16.58,3160,5554
BIKE,2019-09-16,3,2,1,23.78,28.16,57,6.04,2166,5167
BIKE,2019-09-17,3,3,2,23.81,27.65,73.46,10.17,1022,5847
BIKE,2019-09-18,3,4,2,25.56,28.25,87.25,23.96,371,3702
BIKE,2019-09-19,3,5,1,22.65,27.02,53.67,14.42,788,6803
BIKE,2019-09-20,3,6,1,22.41,26.61,61.83,7.92,939,6781
BIKE,2019-09-21,3,7,1,24.57,28.6,66.88,10.33,1250,6917
BIKE,2019-09-22,3,1,1,26.65,30.52,64.67,19,2512,5883
BIKE,2019-09-23,4,2,1,21.7,25.95,46.71,14.96,2454,5453
BIKE,2019-09-24,4,3,1,21.08,25.13,49.29,9.54,1001,6435
BIKE,2019-09-25,4,4,1,22.55,27.21,57,15.83,845,6693
BIKE,2019-09-26,4,5,1,26.04,29.83,63.08,16.37,787,6946
BIKE,2019-09-27,4,6,2,26.65,30.4,69.08,9,751,6642
BIKE,2019-09-28,4,7,2,25.39,29.29,69,11,1045,6370
BIKE,2019-09-29,4,1,1,22.24,26.51,54.29,15.25,2589,5966
BIKE,2019-09-30,4,2,1,21.59,25.88,58.33,9.04,2015,4874
BIKE,2019-10-01,4,3,2,21.35,25.6,64.92,6.08,763,6015
BIKE,2019-10-02,4,4,3,24.22,27.12,87.17,7,315,4324
BIKE,2019-10-03,4,5,2,26.96,29.96,79.38,4.46,728,6844
BIKE,2019-10-04,4,6,2,26.96,30.4,72.29,7.88,891,6437
BIKE,2019-10-05,4,7,1,25.22,29.01,62.75,7.13,1516,6640
BIKE,2019-10-06,4,1,1,22.72,26.93,66.42,17.96,3031,4934
BIKE,2019-10-07,4,2,2,17.05,20.99,70.83,9.46,781,2729
BIKE,2019-10-08,4,3,2,15.72,19.38,70.96,12.71,874,4604
BIKE,2019-10-09,4,4,2,18.31,21.91,76.17,12.75,601,5791
BIKE,2019-10-10,4,5,1,21.08,25.16,63.08,12.58,780,6911
BIKE,2019-10-11,4,6,1,17.84,21.56,46.33,12.17,834,6736
BIKE,2019-10-12,4,7,1,17.94,21.65,53.92,15.75,1060,6222
BIKE,2019-10-13,4,1,1,16.13,19.57,49.46,9.79,2252,4857
BIKE,2019-10-14,4,2,1,21.39,25.41,64.04,18.67,2080,4559
BIKE,2019-10-15,4,3,2,23.03,26.96,70.75,19.83,760,5115
BIKE,2019-10-16,4,4,1,19.2,23.04,55.83,12.21,922,6612
BIKE,2019-10-17,4,5,1,18.69,22.51,69.29,6.79,979,6482
BIKE,2019-10-18,4,6,2,21.42,25.63,72.83,15.87,1008,6501
BIKE,2019-10-19,4,7,2,23.1,26.89,81.5,9.04,753,4671
BIKE,2019-10-20,4,1,1,19.85,23.64,57.29,7.87,2806,5284
BIKE,2019-10-21,4,2,1,19.03,22.82,51,11.13,2132,4692
BIKE,2019-10-22,4,3,1,19.99,24.15,56.83,5.46,830,6228
BIKE,2019-10-23,4,4,1,22.31,26.52,64.17,6.33,841,6625
BIKE,2019-10-24,4,5,1,24.09,27.94,63.63,4.88,795,6898
BIKE,2019-10-25,4,6,2,22.55,26.48,80.04,8.33,875,6484
BIKE,2019-10-26,4,7,2,22.38,26.14,80.71,8.88,1182,6262
BIKE,2019-10-27,4,1,2,21.73,25.76,72,15.79,2643,5209
BIKE,2019-10-28,4,2,2,19.58,23.39,69.46,26.67,998,3461
BIKE,2019-10-29,4,3,3,18.04,21.97,88,24,2,20
BIKE,2019-10-30,4,4,2,13.05,15.5,82.55,14.27,87,1009
BIKE,2019-10-31,4,5,2,14.66,18.06,66.67,11.17,419,5147
BIKE,2019-11-01,4,6,2,15,18.5,58.17,10.54,466,5520
BIKE,2019-11-02,4,7,1,14.56,17.8,52.21,17.83,618,5229
BIKE,2019-11-03,4,1,2,14.08,16.19,49.13,18.13,1029,4109
BIKE,2019-11-04,4,2,1,13.36,16.48,53.29,12,1201,3906
BIKE,2019-11-05,4,3,1,13.09,15.4,49.42,15.83,378,4881
BIKE,2019-11-06,4,4,1,11.51,14.08,56.71,11.63,466,5220
BIKE,2019-11-07,4,5,2,12.13,13.73,54.75,20.38,326,4709
BIKE,2019-11-08,4,6,1,14.44,17.09,33.35,23.3,340,4975
BIKE,2019-11-09,4,7,1,14.83,17.77,54.08,14.38,709,5283
BIKE,2019-11-10,4,1,1,15.96,19.7,64.54,3.88,2090,4446
BIKE,2019-11-11,4,2,1,17.25,21.09,65.92,8.54,2290,4562
BIKE,2019-11-12,4,3,1,19.89,23.77,74.17,11.63,1097,5172
BIKE,2019-11-13,4,4,2,14.08,16.16,66.29,22.92,327,3767
BIKE,2019-11-14,4,5,1,11.86,14.08,55.21,13.37,373,5122
BIKE,2019-11-15,4,6,2,13.19,16.22,62.04,10.25,320,5125
BIKE,2019-11-16,4,7,1,14.15,17.36,52.46,11.46,484,5214
BIKE,2019-11-17,4,1,1,13.33,16.32,54.54,12.04,1313,4316
BIKE,2019-11-18,4,2,1,14.04,16.89,69.29,15.25,922,3747
BIKE,2019-11-19,4,3,2,15.61,18.78,62.33,15.75,449,5050
BIKE,2019-11-20,4,4,2,15.34,19.03,68.5,5.54,534,5100
BIKE,2019-11-21,4,5,1,14.49,18.24,61.38,6.92,615,4531
BIKE,2019-11-22,4,6,1,13.94,17.52,58.04,3.54,955,1470
BIKE,2019-11-23,4,7,1,15.1,18.94,56.88,9.92,1603,2307
BIKE,2019-11-24,4,1,1,11.41,12.44,40.46,25.25,532,1745
BIKE,2019-11-25,4,2,1,10.08,12.88,46.83,10.08,309,2115
BIKE,2019-11-26,4,3,1,12.85,16.95,53.54,3.13,337,4750
BIKE,2019-11-27,4,4,2,11.96,14.08,78.67,15.92,123,3836
BIKE,2019-11-28,4,5,1,12.16,14.49,50.63,14.13,198,5062
BIKE,2019-11-29,4,6,1,11.52,14.92,55.57,7.74,243,5080
BIKE,2019-11-30,4,7,1,12.23,16.19,64.96,3.92,362,5306
BIKE,2019-12-01,4,1,2,12.23,15.85,80.67,4,951,4240
BIKE,2019-12-02,4,2,2,14.25,17.96,82.33,8.33,892,3757
BIKE,2019-12-03,4,3,1,18.55,22.79,76.75,5.54,555,5679
BIKE,2019-12-04,4,4,1,19.51,23.45,73.38,11.67,551,6055
BIKE,2019-12-05,4,5,1,17.97,21.4,48.5,21.71,331,5398
BIKE,2019-12-06,4,6,1,10.49,12.91,50.88,11.71,340,5035
BIKE,2019-12-07,4,7,2,13.15,16.1,76.42,8.75,349,4659
BIKE,2019-12-08,4,1,2,15.65,19.48,91.13,6.79,1153,4429
BIKE,2019-12-09,4,2,2,15.75,19.51,90.54,10.58,441,2787
BIKE,2019-12-10,4,3,2,17.87,21.78,92.5,12.75,329,4841
BIKE,2019-12-11,4,4,2,14.49,16.92,59.67,19.83,282,5219
BIKE,2019-12-12,4,5,2,12.2,14.87,53.83,10.92,310,5009
BIKE,2019-12-13,4,6,1,12.13,14.71,48.58,11.67,425,5107
BIKE,2019-12-14,4,7,1,11.55,14.71,64.29,8.79,429,5182
BIKE,2019-12-15,4,1,1,13.29,16.92,65.04,7.13,767,4280
BIKE,2019-12-16,4,2,2,14.86,18.5,83.88,6.75,538,3248
BIKE,2019-12-17,4,3,2,16.13,20.08,90.71,6.58,212,4373
BIKE,2019-12-18,4,4,1,16.84,20.49,66.63,14.83,433,5124
BIKE,2019-12-19,4,5,1,13.63,17.11,62.54,12.33,333,4934
BIKE,2019-12-20,4,6,2,13.53,16.76,66.79,8.88,314,3814
BIKE,2019-12-21,1,7,2,13.39,15.09,55.67,25.08,221,3402
BIKE,2019-12-22,1,1,1,10.9,11.81,44.13,27.29,205,1544
BIKE,2019-12-23,1,2,1,10.08,12.97,51.54,8.92,408,1379
BIKE,2019-12-24,1,3,2,9.48,12.95,79.13,5.17,174,746
BIKE,2019-12-25,1,4,2,11.94,14.72,73.48,11.3,440,573
BIKE,2019-12-26,1,5,3,9.98,11.02,82.33,21.21,9,432
BIKE,2019-12-27,1,6,2,10.42,11.33,65.29,23.46,247,1867
BIKE,2019-12-28,1,7,2,10.39,12.75,59,10.42,644,2451
BIKE,2019-12-29,1,1,2,10.39,12.12,75.29,8.33,159,1182
BIKE,2019-12-30,1,2,1,10.49,11.59,48.33,23.5,364,1432
BIKE,2019-12-31,1,3,2,8.85,11.17,57.75,10.37,439,2290
